{"cameraMode":{"drawMode":0,"name":"Shaded","section":"Shading Mode"},"sceneLighting":false,"audioPlay":false,"sceneViewState":{"showFog":true,"showMaterialUpdate":false,"showSkybox":true,"showFlares":true,"showImageEffects":true,"showParticleSystems":true},"in2DMode":false,"pivot":{"x":375.4253234863281,"y":296.10772705078127,"z":10.8994140625},"rotation":{"x":-0.04529286175966263,"y":0.00808920431882143,"z":-0.000366514635970816,"w":-0.9989465475082398},"size":292.67999267578127,"orthographic":false}