{"cameraMode":{"drawMode":0,"name":"Shaded","section":"Shading Mode"},"sceneLighting":false,"audioPlay":false,"sceneViewState":{"showFog":true,"showMaterialUpdate":false,"showSkybox":true,"showFlares":true,"showImageEffects":true,"showParticleSystems":true},"in2DMode":false,"pivot":{"x":384.82537841796877,"y":301.6000671386719,"z":47.6031494140625},"rotation":{"x":-0.0018096129642799497,"y":0.003597801085561514,"z":-0.000006121533715486294,"w":-1.0},"size":301.3180847167969,"orthographic":false}