{"cameraMode":{"drawMode":0,"name":"Shaded","section":"Shading Mode"},"sceneLighting":false,"audioPlay":false,"sceneViewState":{"showFog":true,"showMaterialUpdate":false,"showSkybox":true,"showFlares":true,"showImageEffects":true,"showParticleSystems":true},"in2DMode":false,"pivot":{"x":15.648908615112305,"y":-8.24990463256836,"z":48.983070373535159},"rotation":{"x":-0.10587025433778763,"y":-0.2008204162120819,"z":0.02183697000145912,"w":-0.9736538529396057},"size":9.902448654174805,"orthographic":false}