{"cameraMode":{"drawMode":0,"name":"Shaded","section":"Shading Mode"},"sceneLighting":true,"audioPlay":false,"sceneViewState":{"showFog":true,"showMaterialUpdate":false,"showSkybox":true,"showFlares":true,"showImageEffects":true,"showParticleSystems":true},"in2DMode":false,"pivot":{"x":15.942327499389649,"y":13.153754234313965,"z":26.61102867126465},"rotation":{"x":-0.1793561577796936,"y":0.4056667387485504,"z":-0.08151920884847641,"w":-0.8925383687019348},"size":33.66664123535156,"orthographic":false}